-- Adminer 4.1.0 MySQL dump

SET NAMES utf8;
SET time_zone = '+00:00';
SET foreign_key_checks = 0;
SET sql_mode = 'NO_AUTO_VALUE_ON_ZERO';

DROP TABLE IF EXISTS `employee`;
CREATE TABLE `employee` (
  `id` int(11) NOT NULL AUTO_INCREMENT,
  `ref_religion_id` int(11) NOT NULL DEFAULT '0',
  `nip` varchar(20) NOT NULL,
  `name` varchar(50) NOT NULL,
  `born` varchar(50) DEFAULT NULL,
  `birth_day` date DEFAULT NULL,
  `gender` tinyint(1) DEFAULT '1',
  `phone` varchar(50) DEFAULT NULL,
  `email` varchar(100) DEFAULT NULL,
  `address` text,
  `status` tinyint(1) DEFAULT '1',
  `created_at` datetime DEFAULT NULL,
  `created_by` int(11) DEFAULT NULL,
  `updated_at` datetime DEFAULT NULL,
  `updated_by` int(11) DEFAULT NULL,
  PRIMARY KEY (`id`),
  KEY `fk_tb_employee_ref_religion1` (`ref_religion_id`),
  KEY `created_by` (`created_by`),
  KEY `updated_by` (`updated_by`),
  CONSTRAINT `employee_ibfk_2` FOREIGN KEY (`created_by`) REFERENCES `user` (`id`),
  CONSTRAINT `employee_ibfk_3` FOREIGN KEY (`updated_by`) REFERENCES `user` (`id`)
) ENGINE=InnoDB DEFAULT CHARSET=latin1;

INSERT INTO `employee` (`id`, `ref_religion_id`, `nip`, `name`, `born`, `birth_day`, `gender`, `phone`, `email`, `address`, `status`, `created_at`, `created_by`, `updated_at`, `updated_by`) VALUES
(1,	3,	'2016042522001',	'Valentino Rossi',	'Italy',	'1980-06-11',	1,	'080978974',	'rossi@contoh.co',	'jl. tau lah',	1,	'2016-04-25 22:53:00',	1,	NULL,	NULL),
(2,	1,	'2016042723001',	'zumhur alamin',	'sumbawa besar',	'1978-10-24',	1,	'080978974',	'zuma@gmail.com',	'',	1,	'2016-04-27 23:29:03',	1,	NULL,	NULL),
(3,	2,	'2016042723002',	'alan sherar',	'roma',	'1980-04-12',	1,	'21515151',	'alan@tes.co',	'',	1,	'2016-04-27 23:45:39',	1,	'2016-04-28 00:42:31',	1);

DROP TABLE IF EXISTS `employee_shift`;
CREATE TABLE `employee_shift` (
  `id` int(11) NOT NULL AUTO_INCREMENT,
  `employee_id` int(11) NOT NULL,
  `nip` varchar(20) NOT NULL,
  `date` date NOT NULL,
  `ref_shift_id` int(11) NOT NULL,
  `created_at` datetime DEFAULT NULL,
  `created_by` int(11) DEFAULT NULL,
  `updated_at` datetime DEFAULT NULL,
  `updated_by` int(11) DEFAULT NULL,
  PRIMARY KEY (`id`),
  KEY `employee_id` (`employee_id`),
  KEY `created_by` (`created_by`),
  KEY `updated_by` (`updated_by`),
  KEY `ref_shift_id` (`ref_shift_id`),
  CONSTRAINT `employee_shift_ibfk_1` FOREIGN KEY (`employee_id`) REFERENCES `employee` (`id`),
  CONSTRAINT `employee_shift_ibfk_3` FOREIGN KEY (`created_by`) REFERENCES `user` (`id`),
  CONSTRAINT `employee_shift_ibfk_4` FOREIGN KEY (`updated_by`) REFERENCES `user` (`id`),
  CONSTRAINT `employee_shift_ibfk_5` FOREIGN KEY (`ref_shift_id`) REFERENCES `ref_shift` (`id`)
) ENGINE=InnoDB DEFAULT CHARSET=latin1;

INSERT INTO `employee_shift` (`id`, `employee_id`, `nip`, `date`, `ref_shift_id`, `created_at`, `created_by`, `updated_at`, `updated_by`) VALUES
(1,	1,	'2016042522001',	'2016-04-27',	4,	'2016-04-26 21:08:49',	1,	NULL,	NULL),
(2,	1,	'2016042522001',	'2016-04-22',	3,	'2016-04-27 00:05:40',	1,	NULL,	NULL),
(3,	1,	'2016042522001',	'2016-04-26',	2,	'2016-04-27 00:06:21',	1,	NULL,	NULL),
(4,	1,	'2016042522001',	'2016-04-25',	5,	'2016-04-27 00:08:30',	1,	NULL,	NULL),
(5,	1,	'2016042522001',	'2016-04-05',	2,	'2016-04-27 00:49:10',	1,	NULL,	NULL),
(6,	2,	'2016042723001',	'2016-04-11',	2,	'2016-04-27 23:30:09',	1,	NULL,	NULL),
(7,	3,	'2016042723002',	'2016-04-01',	3,	'2016-04-27 23:46:08',	1,	NULL,	NULL),
(8,	3,	'2016042723002',	'2016-04-27',	2,	'2016-04-28 00:00:27',	1,	NULL,	NULL),
(9,	3,	'2016042723002',	'2016-04-14',	4,	'2016-04-28 00:01:27',	1,	NULL,	NULL),
(10,	2,	'2016042723001',	'2016-04-12',	5,	'2016-04-28 00:11:31',	1,	NULL,	NULL);

DROP TABLE IF EXISTS `national_holiday`;
CREATE TABLE `national_holiday` (
  `id` int(11) NOT NULL AUTO_INCREMENT,
  `date` date NOT NULL,
  `type` varchar(20) NOT NULL,
  `note` varchar(500) NOT NULL,
  `created_at` datetime DEFAULT NULL,
  `created_by` int(11) DEFAULT NULL,
  `updated_at` datetime DEFAULT NULL,
  `updated_by` int(11) DEFAULT NULL,
  PRIMARY KEY (`id`)
) ENGINE=InnoDB DEFAULT CHARSET=latin1;

INSERT INTO `national_holiday` (`id`, `date`, `type`, `note`, `created_at`, `created_by`, `updated_at`, `updated_by`) VALUES
(1,	'2016-04-15',	'',	'Libur Kantor',	'2016-04-25 00:59:51',	1,	NULL,	NULL);

DROP TABLE IF EXISTS `ref_city`;
CREATE TABLE `ref_city` (
  `id` int(11) NOT NULL AUTO_INCREMENT,
  `name` varchar(50) NOT NULL,
  `province_id` int(11) NOT NULL,
  `status` int(2) NOT NULL DEFAULT '10' COMMENT '0 = deleted;\r\n10 = active;',
  `created_at` datetime DEFAULT NULL,
  `updated_at` datetime DEFAULT NULL,
  PRIMARY KEY (`id`),
  KEY `fk_city_province_id` (`province_id`),
  CONSTRAINT `ref_city_ibfk_1` FOREIGN KEY (`province_id`) REFERENCES `ref_province` (`id`) ON DELETE CASCADE ON UPDATE CASCADE
) ENGINE=InnoDB DEFAULT CHARSET=latin1 COMMENT='Master Kota & Kabupaten di Indonesia';

INSERT INTO `ref_city` (`id`, `name`, `province_id`, `status`, `created_at`, `updated_at`) VALUES
(1,	'Kabupaten Aceh Barat',	1,	10,	'2015-07-28 12:10:02',	NULL),
(2,	'Kabupaten Aceh Barat Daya',	1,	10,	'2015-07-28 12:10:02',	NULL),
(3,	'Kabupaten Aceh Besar',	1,	10,	'2015-07-28 12:10:02',	NULL),
(4,	'Kabupaten Aceh Jaya',	1,	10,	'2015-07-28 12:10:02',	NULL),
(5,	'Kabupaten Aceh Selatan',	1,	10,	'2015-07-28 12:10:02',	NULL),
(6,	'Kabupaten Aceh Singkil',	1,	10,	'2015-07-28 12:10:02',	NULL),
(7,	'Kabupaten Aceh Tamiang',	1,	10,	'2015-07-28 12:10:02',	NULL),
(8,	'Kabupaten Aceh Tengah',	1,	10,	'2015-07-28 12:10:02',	NULL),
(9,	'Kabupaten Aceh Tenggara',	1,	10,	'2015-07-28 12:10:02',	NULL),
(10,	'Kabupaten Aceh Timur',	1,	10,	'2015-07-28 12:10:02',	NULL),
(11,	'Kabupaten Aceh Utara',	1,	10,	'2015-07-28 12:10:02',	NULL),
(12,	'Kabupaten Bener Meriah',	1,	10,	'2015-07-28 12:10:02',	NULL),
(13,	'Kabupaten Bireuen',	1,	10,	'2015-07-28 12:10:02',	NULL),
(14,	'Kabupaten Gayo Luwes',	1,	10,	'2015-07-28 12:10:02',	NULL),
(15,	'Kabupaten Nagan Raya',	1,	10,	'2015-07-28 12:10:02',	NULL),
(16,	'Kabupaten Pidie',	1,	10,	'2015-07-28 12:10:02',	NULL),
(17,	'Kabupaten Pidie Jaya',	1,	10,	'2015-07-28 12:10:02',	NULL),
(18,	'Kabupaten Simeulue',	1,	10,	'2015-07-28 12:10:02',	NULL),
(19,	'Kota Banda Aceh',	1,	10,	'2015-07-28 12:10:02',	NULL),
(20,	'Kota Langsa',	1,	10,	'2015-07-28 12:10:02',	NULL),
(21,	'Kota Lhokseumawe',	1,	10,	'2015-07-28 12:10:02',	NULL),
(22,	'Kota Sabang',	1,	10,	'2015-07-28 12:10:02',	NULL),
(23,	'Kota Subulussalam',	1,	10,	'2015-07-28 12:10:02',	NULL),
(24,	'Kabupaten Asahan',	2,	10,	'2015-07-28 12:10:02',	NULL),
(25,	'Kabupaten Batubara',	2,	10,	'2015-07-28 12:10:02',	NULL),
(26,	'Kabupaten Dairi',	2,	10,	'2015-07-28 12:10:02',	NULL),
(27,	'Kabupaten Deli Serdang',	2,	10,	'2015-07-28 12:10:02',	NULL),
(28,	'Kabupaten Humbang Hasundutan',	2,	10,	'2015-07-28 12:10:02',	NULL),
(29,	'Kabupaten Karo',	2,	10,	'2015-07-28 12:10:02',	NULL),
(30,	'Kabupaten Labuhan Batu',	2,	10,	'2015-07-28 12:10:02',	NULL),
(31,	'Kabupaten Labuhanbatu Selatan',	2,	10,	'2015-07-28 12:10:02',	NULL),
(32,	'Kabupaten Labuhanbatu Utara',	2,	10,	'2015-07-28 12:10:02',	NULL),
(33,	'Kabupaten Langkat',	2,	10,	'2015-07-28 12:10:02',	NULL),
(34,	'Kabupaten Mandailing Natal',	2,	10,	'2015-07-28 12:10:02',	NULL),
(35,	'Kabupaten Nias',	2,	10,	'2015-07-28 12:10:02',	NULL),
(36,	'Kabupaten Nias Barat',	2,	10,	'2015-07-28 12:10:02',	NULL),
(37,	'Kabupaten Nias Selatan',	2,	10,	'2015-07-28 12:10:02',	NULL),
(38,	'Kabupaten Nias Utara',	2,	10,	'2015-07-28 12:10:02',	NULL),
(39,	'Kabupaten Padang Lawas',	2,	10,	'2015-07-28 12:10:02',	NULL),
(40,	'Kabupaten Padang Lawas Utara',	2,	10,	'2015-07-28 12:10:02',	NULL),
(41,	'Kabupaten Pakpak Barat',	2,	10,	'2015-07-28 12:10:02',	NULL),
(42,	'Kabupaten Samosir',	2,	10,	'2015-07-28 12:10:02',	NULL),
(43,	'Kabupaten Serdang Bedagai',	2,	10,	'2015-07-28 12:10:02',	NULL),
(44,	'Kabupaten Simalungun',	2,	10,	'2015-07-28 12:10:02',	NULL),
(45,	'Kabupaten Tapanuli Selatan',	2,	10,	'2015-07-28 12:10:02',	NULL),
(46,	'Kabupaten Tapanuli Tengah',	2,	10,	'2015-07-28 12:10:02',	NULL),
(47,	'Kabupaten Tapanuli Utara',	2,	10,	'2015-07-28 12:10:02',	NULL),
(48,	'Kabupaten Toba Samosir',	2,	10,	'2015-07-28 12:10:02',	NULL),
(49,	'Kota Binjai',	2,	10,	'2015-07-28 12:10:02',	NULL),
(50,	'Kota Gunung Sitoli',	2,	10,	'2015-07-28 12:10:02',	NULL),
(51,	'Kota Medan',	2,	10,	'2015-07-28 12:10:02',	NULL),
(52,	'Kota Padangsidempuan',	2,	10,	'2015-07-28 12:10:02',	NULL),
(53,	'Kota Pematang Siantar',	2,	10,	'2015-07-28 12:10:02',	NULL),
(54,	'Kota Sibolga',	2,	10,	'2015-07-28 12:10:02',	NULL),
(55,	'Kota Tanjung Balai',	2,	10,	'2015-07-28 12:10:02',	NULL),
(56,	'Kota Tebing Tinggi',	2,	10,	'2015-07-28 12:10:02',	NULL),
(57,	'Kabupaten Agam',	3,	10,	'2015-07-28 12:10:02',	NULL),
(58,	'Kabupaten Dharmas Raya',	3,	10,	'2015-07-28 12:10:02',	NULL),
(59,	'Kabupaten Kepulauan Mentawai',	3,	10,	'2015-07-28 12:10:02',	NULL),
(60,	'Kabupaten Lima Puluh Kota',	3,	10,	'2015-07-28 12:10:02',	NULL),
(61,	'Kabupaten Padang Pariaman',	3,	10,	'2015-07-28 12:10:02',	NULL),
(62,	'Kabupaten Pasaman',	3,	10,	'2015-07-28 12:10:02',	NULL),
(63,	'Kabupaten Pasaman Barat',	3,	10,	'2015-07-28 12:10:02',	NULL),
(64,	'Kabupaten Pesisir Selatan',	3,	10,	'2015-07-28 12:10:02',	NULL),
(65,	'Kabupaten Sijunjung',	3,	10,	'2015-07-28 12:10:02',	NULL),
(66,	'Kabupaten Solok',	3,	10,	'2015-07-28 12:10:02',	NULL),
(67,	'Kabupaten Solok Selatan',	3,	10,	'2015-07-28 12:10:02',	NULL),
(68,	'Kabupaten Tanah Datar',	3,	10,	'2015-07-28 12:10:02',	NULL),
(69,	'Kota Bukittinggi',	3,	10,	'2015-07-28 12:10:02',	NULL),
(70,	'Kota Padang',	3,	10,	'2015-07-28 12:10:02',	NULL),
(71,	'Kota Padang Panjang',	3,	10,	'2015-07-28 12:10:02',	NULL),
(72,	'Kota Pariaman',	3,	10,	'2015-07-28 12:10:02',	NULL),
(73,	'Kota Payakumbuh',	3,	10,	'2015-07-28 12:10:02',	NULL),
(74,	'Kota Sawah Lunto',	3,	10,	'2015-07-28 12:10:02',	NULL),
(75,	'Kota Solok',	3,	10,	'2015-07-28 12:10:02',	NULL),
(76,	'Kabupaten Bengkalis',	4,	10,	'2015-07-28 12:10:02',	NULL),
(77,	'Kabupaten Indragiri Hilir',	4,	10,	'2015-07-28 12:10:02',	NULL),
(78,	'Kabupaten Indragiri Hulu',	4,	10,	'2015-07-28 12:10:02',	NULL),
(79,	'Kabupaten Kampar',	4,	10,	'2015-07-28 12:10:02',	NULL),
(80,	'Kabupaten Kuantan Singingi',	4,	10,	'2015-07-28 12:10:02',	NULL),
(81,	'Kabupaten Meranti',	4,	10,	'2015-07-28 12:10:02',	NULL),
(82,	'Kabupaten Pelalawan',	4,	10,	'2015-07-28 12:10:02',	NULL),
(83,	'Kabupaten Rokan Hilir',	4,	10,	'2015-07-28 12:10:02',	NULL),
(84,	'Kabupaten Rokan Hulu',	4,	10,	'2015-07-28 12:10:02',	NULL),
(85,	'Kabupaten Siak',	4,	10,	'2015-07-28 12:10:02',	NULL),
(86,	'Kota Dumai',	4,	10,	'2015-07-28 12:10:02',	NULL),
(87,	'Kota Pekanbaru',	4,	10,	'2015-07-28 12:10:02',	NULL),
(88,	'Kabupaten Bintan',	5,	10,	'2015-07-28 12:10:02',	NULL),
(89,	'Kabupaten Karimun',	5,	10,	'2015-07-28 12:10:02',	NULL),
(90,	'Kabupaten Kepulauan Anambas',	5,	10,	'2015-07-28 12:10:02',	NULL),
(91,	'Kabupaten Lingga',	5,	10,	'2015-07-28 12:10:02',	NULL),
(92,	'Kabupaten Natuna',	5,	10,	'2015-07-28 12:10:02',	NULL),
(93,	'Kota Batam',	5,	10,	'2015-07-28 12:10:02',	NULL),
(94,	'Kota Tanjung Pinang',	5,	10,	'2015-07-28 12:10:02',	NULL),
(95,	'Kabupaten Bangka',	6,	10,	'2015-07-28 12:10:02',	NULL),
(96,	'Kabupaten Bangka Barat',	6,	10,	'2015-07-28 12:10:02',	NULL),
(97,	'Kabupaten Bangka Selatan',	6,	10,	'2015-07-28 12:10:02',	NULL),
(98,	'Kabupaten Bangka Tengah',	6,	10,	'2015-07-28 12:10:02',	NULL),
(99,	'Kabupaten Belitung',	6,	10,	'2015-07-28 12:10:02',	NULL),
(100,	'Kabupaten Belitung Timur',	6,	10,	'2015-07-28 12:10:02',	NULL),
(101,	'Kota Pangkal Pinang',	6,	10,	'2015-07-28 12:10:02',	NULL),
(102,	'Kabupaten Kerinci',	7,	10,	'2015-07-28 12:10:02',	NULL),
(103,	'Kabupaten Merangin',	7,	10,	'2015-07-28 12:10:02',	NULL),
(104,	'Kabupaten Sarolangun',	7,	10,	'2015-07-28 12:10:02',	NULL),
(105,	'Kabupaten Batang Hari',	7,	10,	'2015-07-28 12:10:02',	NULL),
(106,	'Kabupaten Muaro Jambi',	7,	10,	'2015-07-28 12:10:02',	NULL),
(107,	'Kabupaten Tanjung Jabung Timur',	7,	10,	'2015-07-28 12:10:02',	NULL),
(108,	'Kabupaten Tanjung Jabung Barat',	7,	10,	'2015-07-28 12:10:02',	NULL),
(109,	'Kabupaten Tebo',	7,	10,	'2015-07-28 12:10:02',	NULL),
(110,	'Kabupaten Bungo',	7,	10,	'2015-07-28 12:10:02',	NULL),
(111,	'Kota Jambi',	7,	10,	'2015-07-28 12:10:02',	NULL),
(112,	'Kota Sungai Penuh',	7,	10,	'2015-07-28 12:10:02',	NULL),
(113,	'Kabupaten Bengkulu Selatan',	8,	10,	'2015-07-28 12:10:02',	NULL),
(114,	'Kabupaten Bengkulu Tengah',	8,	10,	'2015-07-28 12:10:02',	NULL),
(115,	'Kabupaten Bengkulu Utara',	8,	10,	'2015-07-28 12:10:02',	NULL),
(116,	'Kabupaten Kaur',	8,	10,	'2015-07-28 12:10:02',	NULL),
(117,	'Kabupaten Kepahiang',	8,	10,	'2015-07-28 12:10:02',	NULL),
(118,	'Kabupaten Lebong',	8,	10,	'2015-07-28 12:10:02',	NULL),
(119,	'Kabupaten Mukomuko',	8,	10,	'2015-07-28 12:10:02',	NULL),
(120,	'Kabupaten Rejang Lebong',	8,	10,	'2015-07-28 12:10:02',	NULL),
(121,	'Kabupaten Seluma',	8,	10,	'2015-07-28 12:10:02',	NULL),
(122,	'Kota Bengkulu',	8,	10,	'2015-07-28 12:10:02',	NULL),
(123,	'Kabupaten Banyuasin',	9,	10,	'2015-07-28 12:10:02',	NULL),
(124,	'Kabupaten Empat Lawang',	9,	10,	'2015-07-28 12:10:02',	NULL),
(125,	'Kabupaten Lahat',	9,	10,	'2015-07-28 12:10:02',	NULL),
(126,	'Kabupaten Muara Enim',	9,	10,	'2015-07-28 12:10:02',	NULL),
(127,	'Kabupaten Musi Banyu Asin',	9,	10,	'2015-07-28 12:10:02',	NULL),
(128,	'Kabupaten Musi Rawas',	9,	10,	'2015-07-28 12:10:02',	NULL),
(129,	'Kabupaten Ogan Ilir',	9,	10,	'2015-07-28 12:10:02',	NULL),
(130,	'Kabupaten Ogan Komering Ilir',	9,	10,	'2015-07-28 12:10:02',	NULL),
(131,	'Kabupaten Ogan Komering Ulu',	9,	10,	'2015-07-28 12:10:02',	NULL),
(132,	'Kabupaten Ogan Komering Ulu Se',	9,	10,	'2015-07-28 12:10:02',	NULL),
(133,	'Kabupaten Ogan Komering Ulu Ti',	9,	10,	'2015-07-28 12:10:02',	NULL),
(134,	'Kota Lubuklinggau',	9,	10,	'2015-07-28 12:10:02',	NULL),
(135,	'Kota Pagar Alam',	9,	10,	'2015-07-28 12:10:02',	NULL),
(136,	'Kota Palembang',	9,	10,	'2015-07-28 12:10:02',	NULL),
(137,	'Kota Prabumulih',	9,	10,	'2015-07-28 12:10:02',	NULL),
(138,	'Kabupaten Lampung Barat',	10,	10,	'2015-07-28 12:10:02',	NULL),
(139,	'Kabupaten Lampung Selatan',	10,	10,	'2015-07-28 12:10:02',	NULL),
(140,	'Kabupaten Lampung Tengah',	10,	10,	'2015-07-28 12:10:02',	NULL),
(141,	'Kabupaten Lampung Timur',	10,	10,	'2015-07-28 12:10:02',	NULL),
(142,	'Kabupaten Lampung Utara',	10,	10,	'2015-07-28 12:10:02',	NULL),
(143,	'Kabupaten Mesuji',	10,	10,	'2015-07-28 12:10:02',	NULL),
(144,	'Kabupaten Pesawaran',	10,	10,	'2015-07-28 12:10:02',	NULL),
(145,	'Kabupaten Pringsewu',	10,	10,	'2015-07-28 12:10:02',	NULL),
(146,	'Kabupaten Tanggamus',	10,	10,	'2015-07-28 12:10:02',	NULL),
(147,	'Kabupaten Tulang Bawang',	10,	10,	'2015-07-28 12:10:02',	NULL),
(148,	'Kabupaten Tulang Bawang Barat',	10,	10,	'2015-07-28 12:10:02',	NULL),
(149,	'Kabupaten Way Kanan',	10,	10,	'2015-07-28 12:10:02',	NULL),
(150,	'Kota Bandar Lampung',	10,	10,	'2015-07-28 12:10:02',	NULL),
(151,	'Kota Metro',	10,	10,	'2015-07-28 12:10:02',	NULL),
(152,	'Kabupaten Lebak',	11,	10,	'2015-07-28 12:10:02',	NULL),
(153,	'Kabupaten Pandeglang',	11,	10,	'2015-07-28 12:10:02',	NULL),
(154,	'Kabupaten Serang',	11,	10,	'2015-07-28 12:10:02',	NULL),
(155,	'Kabupaten Tangerang',	11,	10,	'2015-07-28 12:10:02',	NULL),
(156,	'Kota Cilegon',	11,	10,	'2015-07-28 12:10:02',	NULL),
(157,	'Kota Serang',	11,	10,	'2015-07-28 12:10:02',	NULL),
(158,	'Kota Tangerang',	11,	10,	'2015-07-28 12:10:02',	NULL),
(159,	'Kota Tangerang Selatan',	11,	10,	'2015-07-28 12:10:02',	NULL),
(160,	'Kabupaten Adm. Kepulauan Seribu',	12,	10,	'2015-07-28 12:10:02',	'2015-07-28 13:13:53'),
(161,	'Kota Jakarta Barat',	12,	10,	'2015-07-28 12:10:02',	NULL),
(162,	'Kota Jakarta Pusat',	12,	10,	'2015-07-28 12:10:02',	NULL),
(163,	'Kota Jakarta Selatan',	12,	10,	'2015-07-28 12:10:02',	NULL),
(164,	'Kota Jakarta Timur',	12,	10,	'2015-07-28 12:10:02',	NULL),
(165,	'Kota Jakarta Utara',	12,	10,	'2015-07-28 12:10:02',	NULL),
(166,	'Kabupaten Bandung',	13,	10,	'2015-07-28 12:10:02',	NULL),
(167,	'Kabupaten Bandung Barat',	13,	10,	'2015-07-28 12:10:02',	NULL),
(168,	'Kabupaten Bekasi',	13,	10,	'2015-07-28 12:10:02',	NULL),
(169,	'Kabupaten Bogor',	13,	10,	'2015-07-28 12:10:02',	NULL),
(170,	'Kabupaten Ciamis',	13,	10,	'2015-07-28 12:10:02',	NULL),
(171,	'Kabupaten Cianjur',	13,	10,	'2015-07-28 12:10:02',	NULL),
(172,	'Kabupaten Cirebon',	13,	10,	'2015-07-28 12:10:02',	NULL),
(173,	'Kabupaten Garut',	13,	10,	'2015-07-28 12:10:02',	NULL),
(174,	'Kabupaten Indramayu',	13,	10,	'2015-07-28 12:10:02',	NULL),
(175,	'Kabupaten Karawang',	13,	10,	'2015-07-28 12:10:02',	NULL),
(176,	'Kabupaten Kuningan',	13,	10,	'2015-07-28 12:10:02',	NULL),
(177,	'Kabupaten Majalengka',	13,	10,	'2015-07-28 12:10:02',	NULL),
(178,	'Kabupaten Purwakarta',	13,	10,	'2015-07-28 12:10:02',	NULL),
(179,	'Kabupaten Subang',	13,	10,	'2015-07-28 12:10:02',	NULL),
(180,	'Kabupaten Sukabumi',	13,	10,	'2015-07-28 12:10:02',	NULL),
(181,	'Kabupaten Sumedang',	13,	10,	'2015-07-28 12:10:02',	NULL),
(182,	'Kabupaten Tasikmalaya',	13,	10,	'2015-07-28 12:10:02',	NULL),
(183,	'Kota Bandung',	13,	10,	'2015-07-28 12:10:02',	NULL),
(184,	'Kota Banjar',	13,	10,	'2015-07-28 12:10:02',	NULL),
(185,	'Kota Bekasi',	13,	10,	'2015-07-28 12:10:02',	NULL),
(186,	'Kota Bogor',	13,	10,	'2015-07-28 12:10:02',	NULL),
(187,	'Kota Cimahi',	13,	10,	'2015-07-28 12:10:02',	NULL),
(188,	'Kota Cirebon',	13,	10,	'2015-07-28 12:10:02',	NULL),
(189,	'Kota Depok',	13,	10,	'2015-07-28 12:10:02',	NULL),
(190,	'Kota Sukabumi',	13,	10,	'2015-07-28 12:10:02',	NULL),
(191,	'Kota Tasikmalaya',	13,	10,	'2015-07-28 12:10:02',	NULL),
(192,	'Kabupaten Banjarnegara',	14,	10,	'2015-07-28 12:10:02',	NULL),
(193,	'Kabupaten Banyumas',	14,	10,	'2015-07-28 12:10:02',	NULL),
(194,	'Kabupaten Batang',	14,	10,	'2015-07-28 12:10:02',	NULL),
(195,	'Kabupaten Blora',	14,	10,	'2015-07-28 12:10:02',	NULL),
(196,	'Kabupaten Boyolali',	14,	10,	'2015-07-28 12:10:02',	NULL),
(197,	'Kabupaten Brebes',	14,	10,	'2015-07-28 12:10:02',	NULL),
(198,	'Kabupaten Cilacap',	14,	10,	'2015-07-28 12:10:02',	NULL),
(199,	'Kabupaten Demak',	14,	10,	'2015-07-28 12:10:02',	NULL),
(200,	'Kabupaten Grobogan',	14,	10,	'2015-07-28 12:10:02',	NULL),
(201,	'Kabupaten Jepara',	14,	10,	'2015-07-28 12:10:02',	NULL),
(202,	'Kabupaten Karanganyar',	14,	10,	'2015-07-28 12:10:02',	NULL),
(203,	'Kabupaten Kebumen',	14,	10,	'2015-07-28 12:10:02',	NULL),
(204,	'Kabupaten Kendal',	14,	10,	'2015-07-28 12:10:02',	NULL),
(205,	'Kabupaten Klaten',	14,	10,	'2015-07-28 12:10:02',	NULL),
(206,	'Kabupaten Kota Tegal',	14,	10,	'2015-07-28 12:10:02',	NULL),
(207,	'Kabupaten Kudus',	14,	10,	'2015-07-28 12:10:02',	NULL),
(208,	'Kabupaten Magelang',	14,	10,	'2015-07-28 12:10:02',	NULL),
(209,	'Kabupaten Pati',	14,	10,	'2015-07-28 12:10:02',	NULL),
(210,	'Kabupaten Pekalongan',	14,	10,	'2015-07-28 12:10:02',	NULL),
(211,	'Kabupaten Pemalang',	14,	10,	'2015-07-28 12:10:02',	NULL),
(212,	'Kabupaten Purbalingga',	14,	10,	'2015-07-28 12:10:02',	NULL),
(213,	'Kabupaten Purworejo',	14,	10,	'2015-07-28 12:10:02',	NULL),
(214,	'Kabupaten Rembang',	14,	10,	'2015-07-28 12:10:02',	NULL),
(215,	'Kabupaten Semarang',	14,	10,	'2015-07-28 12:10:02',	NULL),
(216,	'Kabupaten Sragen',	14,	10,	'2015-07-28 12:10:02',	NULL),
(217,	'Kabupaten Sukoharjo',	14,	10,	'2015-07-28 12:10:02',	NULL),
(218,	'Kabupaten Temanggung',	14,	10,	'2015-07-28 12:10:02',	NULL),
(219,	'Kabupaten Wonogiri',	14,	10,	'2015-07-28 12:10:02',	NULL),
(220,	'Kabupaten Wonosobo',	14,	10,	'2015-07-28 12:10:02',	NULL),
(221,	'Kota Magelang',	14,	10,	'2015-07-28 12:10:02',	NULL),
(222,	'Kota Pekalongan',	14,	10,	'2015-07-28 12:10:02',	NULL),
(223,	'Kota Salatiga',	14,	10,	'2015-07-28 12:10:02',	NULL),
(224,	'Kota Semarang',	14,	10,	'2015-07-28 12:10:02',	NULL),
(225,	'Kota Surakarta',	14,	10,	'2015-07-28 12:10:02',	NULL),
(226,	'Kota Tegal',	14,	10,	'2015-07-28 12:10:02',	NULL),
(227,	'Kabupaten Bantul',	15,	10,	'2015-07-28 12:10:02',	NULL),
(228,	'Kabupaten Gunung Kidul',	15,	10,	'2015-07-28 12:10:02',	NULL),
(229,	'Kabupaten Kulon Progo',	15,	10,	'2015-07-28 12:10:02',	NULL),
(230,	'Kabupaten Sleman',	15,	10,	'2015-07-28 12:10:02',	NULL),
(231,	'Kota Yogyakarta',	15,	10,	'2015-07-28 12:10:02',	NULL),
(232,	'Kabupaten Bangkalan',	16,	10,	'2015-07-28 12:10:02',	NULL),
(233,	'Kabupaten Banyuwangi',	16,	10,	'2015-07-28 12:10:02',	NULL),
(234,	'Kabupaten Blitar',	16,	10,	'2015-07-28 12:10:02',	NULL),
(235,	'Kabupaten Bojonegoro',	16,	10,	'2015-07-28 12:10:02',	NULL),
(236,	'Kabupaten Bondowoso',	16,	10,	'2015-07-28 12:10:02',	NULL),
(237,	'Kabupaten Gresik',	16,	10,	'2015-07-28 12:10:02',	NULL),
(238,	'Kabupaten Jember',	16,	10,	'2015-07-28 12:10:02',	NULL),
(239,	'Kabupaten Jombang',	16,	10,	'2015-07-28 12:10:02',	NULL),
(240,	'Kabupaten Kediri',	16,	10,	'2015-07-28 12:10:02',	NULL),
(241,	'Kabupaten Lamongan',	16,	10,	'2015-07-28 12:10:02',	NULL),
(242,	'Kabupaten Lumajang',	16,	10,	'2015-07-28 12:10:02',	NULL),
(243,	'Kabupaten Madiun',	16,	10,	'2015-07-28 12:10:02',	NULL),
(244,	'Kabupaten Magetan',	16,	10,	'2015-07-28 12:10:02',	NULL),
(245,	'Kabupaten Malang',	16,	10,	'2015-07-28 12:10:02',	NULL),
(246,	'Kabupaten Mojokerto',	16,	10,	'2015-07-28 12:10:02',	NULL),
(247,	'Kabupaten Nganjuk',	16,	10,	'2015-07-28 12:10:02',	NULL),
(248,	'Kabupaten Ngawi',	16,	10,	'2015-07-28 12:10:02',	NULL),
(249,	'Kabupaten Pacitan',	16,	10,	'2015-07-28 12:10:02',	NULL),
(250,	'Kabupaten Pamekasan',	16,	10,	'2015-07-28 12:10:02',	NULL),
(251,	'Kabupaten Pasuruan',	16,	10,	'2015-07-28 12:10:02',	NULL),
(252,	'Kabupaten Ponorogo',	16,	10,	'2015-07-28 12:10:02',	NULL),
(253,	'Kabupaten Probolinggo',	16,	10,	'2015-07-28 12:10:02',	NULL),
(254,	'Kabupaten Sampang',	16,	10,	'2015-07-28 12:10:02',	NULL),
(255,	'Kabupaten Sidoarjo',	16,	10,	'2015-07-28 12:10:02',	NULL),
(256,	'Kabupaten Situbondo',	16,	10,	'2015-07-28 12:10:02',	NULL),
(257,	'Kabupaten Sumenep',	16,	10,	'2015-07-28 12:10:02',	NULL),
(258,	'Kabupaten Trenggalek',	16,	10,	'2015-07-28 12:10:02',	NULL),
(259,	'Kabupaten Tuban',	16,	10,	'2015-07-28 12:10:02',	NULL),
(260,	'Kabupaten Tulungagung',	16,	10,	'2015-07-28 12:10:02',	NULL),
(261,	'Kota Batu',	16,	10,	'2015-07-28 12:10:02',	NULL),
(262,	'Kota Blitar',	16,	10,	'2015-07-28 12:10:02',	NULL),
(263,	'Kota Kediri',	16,	10,	'2015-07-28 12:10:02',	NULL),
(264,	'Kota Madiun',	16,	10,	'2015-07-28 12:10:02',	NULL),
(265,	'Kota Malang',	16,	10,	'2015-07-28 12:10:02',	NULL),
(266,	'Kota Mojokerto',	16,	10,	'2015-07-28 12:10:02',	NULL),
(267,	'Kota Pasuruan',	16,	10,	'2015-07-28 12:10:02',	NULL),
(268,	'Kota Probolinggo',	16,	10,	'2015-07-28 12:10:02',	NULL),
(269,	'Kota Surabaya',	16,	10,	'2015-07-28 12:10:02',	NULL),
(270,	'Kabupaten Badung',	17,	10,	'2015-07-28 12:10:02',	NULL),
(271,	'Kabupaten Bangli',	17,	10,	'2015-07-28 12:10:02',	NULL),
(272,	'Kabupaten Buleleng',	17,	10,	'2015-07-28 12:10:02',	NULL),
(273,	'Kabupaten Gianyar',	17,	10,	'2015-07-28 12:10:02',	NULL),
(274,	'Kabupaten Jembrana',	17,	10,	'2015-07-28 12:10:02',	NULL),
(275,	'Kabupaten Karang Asem',	17,	10,	'2015-07-28 12:10:02',	NULL),
(276,	'Kabupaten Klungkung',	17,	10,	'2015-07-28 12:10:02',	NULL),
(277,	'Kabupaten Tabanan',	17,	10,	'2015-07-28 12:10:02',	NULL),
(278,	'Kota Denpasar',	17,	10,	'2015-07-28 12:10:02',	NULL),
(279,	'Kabupaten Bima',	18,	10,	'2015-07-28 12:10:02',	NULL),
(280,	'Kabupaten Dompu',	18,	10,	'2015-07-28 12:10:02',	NULL),
(281,	'Kabupaten Lombok Barat',	18,	10,	'2015-07-28 12:10:02',	NULL),
(282,	'Kabupaten Lombok Tengah',	18,	10,	'2015-07-28 12:10:02',	NULL),
(283,	'Kabupaten Lombok Timur',	18,	10,	'2015-07-28 12:10:02',	NULL),
(284,	'Kabupaten Lombok Utara',	18,	10,	'2015-07-28 12:10:02',	NULL),
(285,	'Kabupaten Sumbawa',	18,	10,	'2015-07-28 12:10:02',	NULL),
(286,	'Kabupaten Sumbawa Barat',	18,	10,	'2015-07-28 12:10:02',	NULL),
(287,	'Kota Bima',	18,	10,	'2015-07-28 12:10:02',	NULL),
(288,	'Kota Mataram',	18,	10,	'2015-07-28 12:10:02',	NULL),
(289,	'Kabupaten Alor',	19,	10,	'2015-07-28 12:10:02',	NULL),
(290,	'Kabupaten Belu',	19,	10,	'2015-07-28 12:10:02',	NULL),
(291,	'Kabupaten Ende',	19,	10,	'2015-07-28 12:10:02',	NULL),
(292,	'Kabupaten Flores Timur',	19,	10,	'2015-07-28 12:10:02',	NULL),
(293,	'Kabupaten Kupang',	19,	10,	'2015-07-28 12:10:02',	NULL),
(294,	'Kabupaten Lembata',	19,	10,	'2015-07-28 12:10:02',	NULL),
(295,	'Kabupaten Manggarai',	19,	10,	'2015-07-28 12:10:02',	NULL),
(296,	'Kabupaten Manggarai Barat',	19,	10,	'2015-07-28 12:10:02',	NULL),
(297,	'Kabupaten Manggarai Timur',	19,	10,	'2015-07-28 12:10:02',	NULL),
(298,	'Kabupaten Nagekeo',	19,	10,	'2015-07-28 12:10:02',	NULL),
(299,	'Kabupaten Ngada',	19,	10,	'2015-07-28 12:10:02',	NULL),
(300,	'Kabupaten Rote Ndao',	19,	10,	'2015-07-28 12:10:02',	NULL),
(301,	'Kabupaten Sabu Raijua',	19,	10,	'2015-07-28 12:10:02',	NULL),
(302,	'Kabupaten Sikka',	19,	10,	'2015-07-28 12:10:02',	NULL),
(303,	'Kabupaten Sumba Barat',	19,	10,	'2015-07-28 12:10:02',	NULL),
(304,	'Kabupaten Sumba Barat Daya',	19,	10,	'2015-07-28 12:10:02',	NULL),
(305,	'Kabupaten Sumba Tengah',	19,	10,	'2015-07-28 12:10:02',	NULL),
(306,	'Kabupaten Sumba Timur',	19,	10,	'2015-07-28 12:10:02',	NULL),
(307,	'Kabupaten Timor Tengah Selatan',	19,	10,	'2015-07-28 12:10:02',	NULL),
(308,	'Kabupaten Timor Tengah Utara',	19,	10,	'2015-07-28 12:10:02',	NULL),
(309,	'Kota Kupang',	19,	10,	'2015-07-28 12:10:02',	NULL),
(310,	'Kabupaten Bengkayang',	20,	10,	'2015-07-28 12:10:02',	NULL),
(311,	'Kabupaten Kapuas Hulu',	20,	10,	'2015-07-28 12:10:02',	NULL),
(312,	'Kabupaten Kayong Utara',	20,	10,	'2015-07-28 12:10:02',	NULL),
(313,	'Kabupaten Ketapang',	20,	10,	'2015-07-28 12:10:02',	NULL),
(314,	'Kabupaten Kubu Raya',	20,	10,	'2015-07-28 12:10:02',	NULL),
(315,	'Kabupaten Landak',	20,	10,	'2015-07-28 12:10:02',	NULL),
(316,	'Kabupaten Melawi',	20,	10,	'2015-07-28 12:10:02',	NULL),
(317,	'Kabupaten Pontianak',	20,	10,	'2015-07-28 12:10:02',	NULL),
(318,	'Kabupaten Sambas',	20,	10,	'2015-07-28 12:10:02',	NULL),
(319,	'Kabupaten Sanggau',	20,	10,	'2015-07-28 12:10:02',	NULL),
(320,	'Kabupaten Sekadau',	20,	10,	'2015-07-28 12:10:02',	NULL),
(321,	'Kabupaten Sintang',	20,	10,	'2015-07-28 12:10:02',	NULL),
(322,	'Kota Pontianak',	20,	10,	'2015-07-28 12:10:02',	NULL),
(323,	'Kota Singkawang',	20,	10,	'2015-07-28 12:10:02',	NULL),
(324,	'Kabupaten Barito Selatan',	21,	10,	'2015-07-28 12:10:02',	NULL),
(325,	'Kabupaten Barito Timur',	21,	10,	'2015-07-28 12:10:02',	NULL),
(326,	'Kabupaten Barito Utara',	21,	10,	'2015-07-28 12:10:02',	NULL),
(327,	'Kabupaten Gunung Mas',	21,	10,	'2015-07-28 12:10:02',	NULL),
(328,	'Kabupaten Kapuas',	21,	10,	'2015-07-28 12:10:02',	NULL),
(329,	'Kabupaten Katingan',	21,	10,	'2015-07-28 12:10:02',	NULL),
(330,	'Kabupaten Kotawaringin Barat',	21,	10,	'2015-07-28 12:10:02',	NULL),
(331,	'Kabupaten Kotawaringin Timur',	21,	10,	'2015-07-28 12:10:02',	NULL),
(332,	'Kabupaten Lamandau',	21,	10,	'2015-07-28 12:10:02',	NULL),
(333,	'Kabupaten Murung Raya',	21,	10,	'2015-07-28 12:10:02',	NULL),
(334,	'Kabupaten Pulang Pisau',	21,	10,	'2015-07-28 12:10:02',	NULL),
(335,	'Kabupaten Seruyan',	21,	10,	'2015-07-28 12:10:02',	NULL),
(336,	'Kabupaten Sukamara',	21,	10,	'2015-07-28 12:10:02',	NULL),
(337,	'Kota Palangkaraya',	21,	10,	'2015-07-28 12:10:02',	NULL),
(338,	'Kabupaten Balangan',	22,	10,	'2015-07-28 12:10:02',	NULL),
(339,	'Kabupaten Banjar',	22,	10,	'2015-07-28 12:10:02',	NULL),
(340,	'Kabupaten Barito Kuala',	22,	10,	'2015-07-28 12:10:02',	NULL),
(341,	'Kabupaten Hulu Sungai Selatan',	22,	10,	'2015-07-28 12:10:02',	NULL),
(342,	'Kabupaten Hulu Sungai Tengah',	22,	10,	'2015-07-28 12:10:02',	NULL),
(343,	'Kabupaten Hulu Sungai Utara',	22,	10,	'2015-07-28 12:10:02',	NULL),
(344,	'Kabupaten Kota Baru',	22,	10,	'2015-07-28 12:10:02',	NULL),
(345,	'Kabupaten Tabalong',	22,	10,	'2015-07-28 12:10:02',	NULL),
(346,	'Kabupaten Tanah Bumbu',	22,	10,	'2015-07-28 12:10:02',	NULL),
(347,	'Kabupaten Tanah Laut',	22,	10,	'2015-07-28 12:10:02',	NULL),
(348,	'Kabupaten Tapin',	22,	10,	'2015-07-28 12:10:02',	NULL),
(349,	'Kota Banjar Baru',	22,	10,	'2015-07-28 12:10:02',	NULL),
(350,	'Kota Banjarmasin',	22,	10,	'2015-07-28 12:10:02',	NULL),
(351,	'Kabupaten Berau',	23,	10,	'2015-07-28 12:10:02',	NULL),
(352,	'Kabupaten Bulongan',	23,	10,	'2015-07-28 12:10:02',	NULL),
(353,	'Kabupaten Kutai Barat',	23,	10,	'2015-07-28 12:10:02',	NULL),
(354,	'Kabupaten Kutai Kartanegara',	23,	10,	'2015-07-28 12:10:02',	NULL),
(355,	'Kabupaten Kutai Timur',	23,	10,	'2015-07-28 12:10:02',	NULL),
(356,	'Kabupaten Malinau',	23,	10,	'2015-07-28 12:10:02',	NULL),
(357,	'Kabupaten Nunukan',	23,	10,	'2015-07-28 12:10:02',	NULL),
(358,	'Kabupaten Paser',	23,	10,	'2015-07-28 12:10:02',	NULL),
(359,	'Kabupaten Penajam Paser Utara',	23,	10,	'2015-07-28 12:10:02',	NULL),
(360,	'Kabupaten Tana Tidung',	23,	10,	'2015-07-28 12:10:02',	NULL),
(361,	'Kota Balikpapan',	23,	10,	'2015-07-28 12:10:02',	NULL),
(362,	'Kota Bontang',	23,	10,	'2015-07-28 12:10:02',	NULL),
(363,	'Kota Samarinda',	23,	10,	'2015-07-28 12:10:02',	NULL),
(364,	'Kota Tarakan',	23,	10,	'2015-07-28 12:10:02',	NULL),
(365,	'Kabupaten Boalemo',	24,	10,	'2015-07-28 12:10:02',	NULL),
(366,	'Kabupaten Bone Bolango',	24,	10,	'2015-07-28 12:10:02',	NULL),
(367,	'Kabupaten Gorontalo',	24,	10,	'2015-07-28 12:10:02',	NULL),
(368,	'Kabupaten Gorontalo Utara',	24,	10,	'2015-07-28 12:10:02',	NULL),
(369,	'Kabupaten Pohuwato',	24,	10,	'2015-07-28 12:10:02',	NULL),
(370,	'Kota Gorontalo',	24,	10,	'2015-07-28 12:10:02',	NULL),
(371,	'Kabupaten Bantaeng',	25,	10,	'2015-07-28 12:10:02',	NULL),
(372,	'Kabupaten Barru',	25,	10,	'2015-07-28 12:10:02',	NULL),
(373,	'Kabupaten Bone',	25,	10,	'2015-07-28 12:10:02',	NULL),
(374,	'Kabupaten Bulukumba',	25,	10,	'2015-07-28 12:10:02',	NULL),
(375,	'Kabupaten Enrekang',	25,	10,	'2015-07-28 12:10:02',	NULL),
(376,	'Kabupaten Gowa',	25,	10,	'2015-07-28 12:10:02',	NULL),
(377,	'Kabupaten Jeneponto',	25,	10,	'2015-07-28 12:10:02',	NULL),
(378,	'Kabupaten Luwu',	25,	10,	'2015-07-28 12:10:02',	NULL),
(379,	'Kabupaten Luwu Timur',	25,	10,	'2015-07-28 12:10:02',	NULL),
(380,	'Kabupaten Luwu Utara',	25,	10,	'2015-07-28 12:10:02',	NULL),
(381,	'Kabupaten Maros',	25,	10,	'2015-07-28 12:10:02',	NULL),
(382,	'Kabupaten Pangkajene Kepulauan',	25,	10,	'2015-07-28 12:10:02',	NULL),
(383,	'Kabupaten Pinrang',	25,	10,	'2015-07-28 12:10:02',	NULL),
(384,	'Kabupaten Selayar',	25,	10,	'2015-07-28 12:10:02',	NULL),
(385,	'Kabupaten Sidenreng Rappang',	25,	10,	'2015-07-28 12:10:02',	NULL),
(386,	'Kabupaten Sinjai',	25,	10,	'2015-07-28 12:10:02',	NULL),
(387,	'Kabupaten Soppeng',	25,	10,	'2015-07-28 12:10:02',	NULL),
(388,	'Kabupaten Takalar',	25,	10,	'2015-07-28 12:10:02',	NULL),
(389,	'Kabupaten Tana Toraja',	25,	10,	'2015-07-28 12:10:02',	NULL),
(390,	'Kabupaten Toraja Utara',	25,	10,	'2015-07-28 12:10:02',	NULL),
(391,	'Kabupaten Wajo',	25,	10,	'2015-07-28 12:10:02',	NULL),
(392,	'Kota Makassar',	25,	10,	'2015-07-28 12:10:02',	NULL),
(393,	'Kota Palopo',	25,	10,	'2015-07-28 12:10:02',	NULL),
(394,	'Kota Pare-pare',	25,	10,	'2015-07-28 12:10:02',	NULL),
(395,	'Kabupaten Bombana',	26,	10,	'2015-07-28 12:10:02',	NULL),
(396,	'Kabupaten Buton',	26,	10,	'2015-07-28 12:10:02',	NULL),
(397,	'Kabupaten Buton Utara',	26,	10,	'2015-07-28 12:10:02',	NULL),
(398,	'Kabupaten Kolaka',	26,	10,	'2015-07-28 12:10:02',	NULL),
(399,	'Kabupaten Kolaka Utara',	26,	10,	'2015-07-28 12:10:02',	NULL),
(400,	'Kabupaten Konawe',	26,	10,	'2015-07-28 12:10:02',	NULL),
(401,	'Kabupaten Konawe Selatan',	26,	10,	'2015-07-28 12:10:02',	NULL),
(402,	'Kabupaten Konawe Utara',	26,	10,	'2015-07-28 12:10:02',	NULL),
(403,	'Kabupaten Muna',	26,	10,	'2015-07-28 12:10:02',	NULL),
(404,	'Kabupaten Wakatobi',	26,	10,	'2015-07-28 12:10:02',	NULL),
(405,	'Kota Bau-bau',	26,	10,	'2015-07-28 12:10:02',	NULL),
(406,	'Kota Kendari',	26,	10,	'2015-07-28 12:10:02',	NULL),
(407,	'Kabupaten Banggai',	27,	10,	'2015-07-28 12:10:02',	NULL),
(408,	'Kabupaten Banggai Kepulauan',	27,	10,	'2015-07-28 12:10:02',	NULL),
(409,	'Kabupaten Buol',	27,	10,	'2015-07-28 12:10:02',	NULL),
(410,	'Kabupaten Donggala',	27,	10,	'2015-07-28 12:10:02',	NULL),
(411,	'Kabupaten Morowali',	27,	10,	'2015-07-28 12:10:02',	NULL),
(412,	'Kabupaten Parigi Moutong',	27,	10,	'2015-07-28 12:10:02',	NULL),
(413,	'Kabupaten Poso',	27,	10,	'2015-07-28 12:10:02',	NULL),
(414,	'Kabupaten Sigi',	27,	10,	'2015-07-28 12:10:02',	NULL),
(415,	'Kabupaten Tojo Una-Una',	27,	10,	'2015-07-28 12:10:02',	NULL),
(416,	'Kabupaten Toli Toli',	27,	10,	'2015-07-28 12:10:02',	NULL),
(417,	'Kota Palu',	27,	10,	'2015-07-28 12:10:02',	NULL),
(418,	'Kabupaten Bolaang Mangondow',	28,	10,	'2015-07-28 12:10:02',	NULL),
(419,	'Kabupaten Bolaang Mangondow Se',	28,	10,	'2015-07-28 12:10:02',	NULL),
(420,	'Kabupaten Bolaang Mangondow Ti',	28,	10,	'2015-07-28 12:10:02',	NULL),
(421,	'Kabupaten Bolaang Mangondow Ut',	28,	10,	'2015-07-28 12:10:02',	NULL),
(422,	'Kabupaten Kepulauan Sangihe',	28,	10,	'2015-07-28 12:10:02',	NULL),
(423,	'Kabupaten Kepulauan Siau Tagul',	28,	10,	'2015-07-28 12:10:02',	NULL),
(424,	'Kabupaten Kepulauan Talaud',	28,	10,	'2015-07-28 12:10:02',	NULL),
(425,	'Kabupaten Minahasa',	28,	10,	'2015-07-28 12:10:02',	NULL),
(426,	'Kabupaten Minahasa Selatan',	28,	10,	'2015-07-28 12:10:02',	NULL),
(427,	'Kabupaten Minahasa Tenggara',	28,	10,	'2015-07-28 12:10:02',	NULL),
(428,	'Kabupaten Minahasa Utara',	28,	10,	'2015-07-28 12:10:02',	NULL),
(429,	'Kota Bitung',	28,	10,	'2015-07-28 12:10:02',	NULL),
(430,	'Kota Kotamobagu',	28,	10,	'2015-07-28 12:10:02',	NULL),
(431,	'Kota Manado',	28,	10,	'2015-07-28 12:10:02',	NULL),
(432,	'Kota Tomohon',	28,	10,	'2015-07-28 12:10:02',	NULL),
(433,	'Kabupaten Majene',	29,	10,	'2015-07-28 12:10:02',	NULL),
(434,	'Kabupaten Mamasa',	29,	10,	'2015-07-28 12:10:02',	NULL),
(435,	'Kabupaten Mamuju',	29,	10,	'2015-07-28 12:10:02',	NULL),
(436,	'Kabupaten Mamuju Utara',	29,	10,	'2015-07-28 12:10:02',	NULL),
(437,	'Kabupaten Polewali Mandar',	29,	10,	'2015-07-28 12:10:02',	NULL),
(438,	'Kabupaten Buru',	30,	10,	'2015-07-28 12:10:02',	NULL),
(439,	'Kabupaten Buru Selatan',	30,	10,	'2015-07-28 12:10:02',	NULL),
(440,	'Kabupaten Kepulauan Aru',	30,	10,	'2015-07-28 12:10:02',	NULL),
(441,	'Kabupaten Maluku Barat Daya',	30,	10,	'2015-07-28 12:10:02',	NULL),
(442,	'Kabupaten Maluku Tengah',	30,	10,	'2015-07-28 12:10:02',	NULL),
(443,	'Kabupaten Maluku Tenggara',	30,	10,	'2015-07-28 12:10:02',	NULL),
(444,	'Kabupaten Maluku Tenggara Bara',	30,	10,	'2015-07-28 12:10:02',	NULL),
(445,	'Kabupaten Seram Bagian Barat',	30,	10,	'2015-07-28 12:10:02',	NULL),
(446,	'Kabupaten Seram Bagian Timur',	30,	10,	'2015-07-28 12:10:02',	NULL),
(447,	'Kota Ambon',	30,	10,	'2015-07-28 12:10:02',	NULL),
(448,	'Kota Tual',	30,	10,	'2015-07-28 12:10:02',	NULL),
(449,	'Kabupaten Halmahera Barat',	31,	10,	'2015-07-28 12:10:02',	NULL),
(450,	'Kabupaten Halmahera Selatan',	31,	10,	'2015-07-28 12:10:02',	NULL),
(451,	'Kabupaten Halmahera Tengah',	31,	10,	'2015-07-28 12:10:02',	NULL),
(452,	'Kabupaten Halmahera Timur',	31,	10,	'2015-07-28 12:10:02',	NULL),
(453,	'Kabupaten Halmahera Utara',	31,	10,	'2015-07-28 12:10:02',	NULL),
(454,	'Kabupaten Kepulauan Sula',	31,	10,	'2015-07-28 12:10:02',	NULL),
(455,	'Kabupaten Pulau Morotai',	31,	10,	'2015-07-28 12:10:02',	NULL),
(456,	'Kota Ternate',	31,	10,	'2015-07-28 12:10:02',	NULL),
(457,	'Kota Tidore Kepulauan',	31,	10,	'2015-07-28 12:10:02',	NULL),
(458,	'Kabupaten Fakfak',	32,	10,	'2015-07-28 12:10:02',	NULL),
(459,	'Kabupaten Kaimana',	32,	10,	'2015-07-28 12:10:02',	NULL),
(460,	'Kabupaten Manokwari',	32,	10,	'2015-07-28 12:10:02',	NULL),
(461,	'Kabupaten Maybrat',	32,	10,	'2015-07-28 12:10:02',	NULL),
(462,	'Kabupaten Raja Ampat',	32,	10,	'2015-07-28 12:10:02',	NULL),
(463,	'Kabupaten Sorong',	32,	10,	'2015-07-28 12:10:02',	NULL),
(464,	'Kabupaten Sorong Selatan',	32,	10,	'2015-07-28 12:10:02',	NULL),
(465,	'Kabupaten Tambrauw',	32,	10,	'2015-07-28 12:10:02',	NULL),
(466,	'Kabupaten Teluk Bintuni',	32,	10,	'2015-07-28 12:10:02',	NULL),
(467,	'Kabupaten Teluk Wondama',	32,	10,	'2015-07-28 12:10:02',	NULL),
(468,	'Kota Sorong',	32,	10,	'2015-07-28 12:10:02',	NULL),
(469,	'Kabupaten Merauke',	33,	10,	'2015-07-28 12:10:02',	NULL),
(470,	'Kabupaten Jayawijaya',	33,	10,	'2015-07-28 12:10:02',	NULL),
(471,	'Kabupaten Nabire',	33,	10,	'2015-07-28 12:10:02',	NULL),
(472,	'Kabupaten Kepulauan Yapen',	33,	10,	'2015-07-28 12:10:02',	NULL),
(473,	'Kabupaten Biak Numfor',	33,	10,	'2015-07-28 12:10:02',	NULL),
(474,	'Kabupaten Paniai',	33,	10,	'2015-07-28 12:10:02',	NULL),
(475,	'Kabupaten Puncak Jaya',	33,	10,	'2015-07-28 12:10:02',	NULL),
(476,	'Kabupaten Mimika',	33,	10,	'2015-07-28 12:10:02',	NULL),
(477,	'Kabupaten Boven Digoel',	33,	10,	'2015-07-28 12:10:02',	NULL),
(478,	'Kabupaten Mappi',	33,	10,	'2015-07-28 12:10:02',	NULL),
(479,	'Kabupaten Asmat',	33,	10,	'2015-07-28 12:10:02',	NULL),
(480,	'Kabupaten Yahukimo',	33,	10,	'2015-07-28 12:10:02',	NULL),
(481,	'Kabupaten Pegunungan Bintang',	33,	10,	'2015-07-28 12:10:02',	NULL),
(482,	'Kabupaten Tolikara',	33,	10,	'2015-07-28 12:10:02',	NULL),
(483,	'Kabupaten Sarmi',	33,	10,	'2015-07-28 12:10:02',	NULL),
(484,	'Kabupaten Keerom',	33,	10,	'2015-07-28 12:10:02',	NULL),
(485,	'Kabupaten Waropen',	33,	10,	'2015-07-28 12:10:02',	NULL),
(486,	'Kabupaten Jayapura',	33,	10,	'2015-07-28 12:10:02',	NULL),
(487,	'Kabupaten Deiyai',	33,	10,	'2015-07-28 12:10:02',	NULL),
(488,	'Kabupaten Dogiyai',	33,	10,	'2015-07-28 12:10:02',	NULL),
(489,	'Kabupaten Intan Jaya',	33,	10,	'2015-07-28 12:10:02',	NULL),
(490,	'Kabupaten Lanny Jaya',	33,	10,	'2015-07-28 12:10:02',	NULL),
(491,	'Kabupaten Mamberamo Raya',	33,	10,	'2015-07-28 12:10:02',	NULL),
(492,	'Kabupaten Mamberamo Tengah',	33,	10,	'2015-07-28 12:10:02',	NULL),
(493,	'Kabupaten Nduga',	33,	10,	'2015-07-28 12:10:02',	NULL),
(494,	'Kabupaten Puncak',	33,	10,	'2015-07-28 12:10:02',	NULL),
(495,	'Kabupaten Supiori',	33,	10,	'2015-07-28 12:10:02',	NULL),
(496,	'Kabupaten Yalimo',	33,	10,	'2015-07-28 12:10:02',	NULL),
(497,	'Kota Jayapura',	33,	10,	'2015-07-28 12:10:02',	NULL),
(498,	'Kabupaten Bulungan',	34,	10,	'2015-07-28 12:10:02',	NULL),
(499,	'Kabupaten Malinau',	34,	10,	'2015-07-28 12:10:02',	NULL),
(500,	'Kabupaten Nunukan',	34,	10,	'2015-07-28 12:10:02',	NULL),
(501,	'Kabupaten Tana Tidung',	34,	10,	'2015-07-28 12:10:02',	NULL),
(502,	'Kota Tarakan',	34,	10,	'2015-07-28 12:10:02',	NULL);

DROP TABLE IF EXISTS `ref_province`;
CREATE TABLE `ref_province` (
  `id` int(11) NOT NULL AUTO_INCREMENT,
  `name` varchar(50) NOT NULL,
  `status` int(2) NOT NULL DEFAULT '10' COMMENT '0 = deleted;\r\n10 = active;',
  `created_at` datetime DEFAULT NULL,
  `updated_at` datetime DEFAULT NULL,
  PRIMARY KEY (`id`)
) ENGINE=InnoDB DEFAULT CHARSET=latin1 COMMENT='Master Provinsi di Indonesia';

INSERT INTO `ref_province` (`id`, `name`, `status`, `created_at`, `updated_at`) VALUES
(1,	'Nanggroe Aceh Darussalam',	10,	'2015-07-28 12:09:55',	NULL),
(2,	'Sumatera Utara',	10,	'2015-07-28 12:09:55',	NULL),
(3,	'Sumatera Barat',	10,	'2015-07-28 12:09:55',	NULL),
(4,	'Riau',	10,	'2015-07-28 12:09:55',	NULL),
(5,	'Kepulauan Riau',	10,	'2015-07-28 12:09:55',	NULL),
(6,	'Kepulauan Bangka-Belitung',	10,	'2015-07-28 12:09:55',	NULL),
(7,	'Jambi',	10,	'2015-07-28 12:09:55',	NULL),
(8,	'Bengkulu',	10,	'2015-07-28 12:09:55',	NULL),
(9,	'Sumatera Selatan',	10,	'2015-07-28 12:09:55',	NULL),
(10,	'Lampung',	10,	'2015-07-28 12:09:55',	NULL),
(11,	'Banten',	10,	'2015-07-28 12:09:55',	NULL),
(12,	'DKI Jakarta',	10,	'2015-07-28 12:09:55',	NULL),
(13,	'Jawa Barat',	10,	'2015-07-28 12:09:55',	NULL),
(14,	'Jawa Tengah',	10,	'2015-07-28 12:09:55',	NULL),
(15,	'Daerah Istimewa Yogyakarta  ',	10,	'2015-07-28 12:09:55',	NULL),
(16,	'Jawa Timur',	10,	'2015-07-28 12:09:55',	NULL),
(17,	'Bali',	10,	'2015-07-28 12:09:55',	NULL),
(18,	'Nusa Tenggara Barat',	10,	'2015-07-28 12:09:55',	NULL),
(19,	'Nusa Tenggara Timur',	10,	'2015-07-28 12:09:55',	NULL),
(20,	'Kalimantan Barat',	10,	'2015-07-28 12:09:55',	NULL),
(21,	'Kalimantan Tengah',	10,	'2015-07-28 12:09:55',	NULL),
(22,	'Kalimantan Selatan',	10,	'2015-07-28 12:09:55',	NULL),
(23,	'Kalimantan Timur',	10,	'2015-07-28 12:09:55',	NULL),
(24,	'Gorontalo',	10,	'2015-07-28 12:09:55',	NULL),
(25,	'Sulawesi Selatan',	10,	'2015-07-28 12:09:55',	NULL),
(26,	'Sulawesi Tenggara',	10,	'2015-07-28 12:09:55',	NULL),
(27,	'Sulawesi Tengah',	10,	'2015-07-28 12:09:55',	NULL),
(28,	'Sulawesi Utara',	10,	'2015-07-28 12:09:55',	NULL),
(29,	'Sulawesi Barat',	10,	'2015-07-28 12:09:55',	NULL),
(30,	'Maluku',	10,	'2015-07-28 12:09:55',	NULL),
(31,	'Maluku Utara',	10,	'2015-07-28 12:09:55',	NULL),
(32,	'Papua Barat',	10,	'2015-07-28 12:09:55',	NULL),
(33,	'Papua',	10,	'2015-07-28 12:09:55',	NULL),
(34,	'Kalimantan Utara',	10,	'2015-07-28 12:09:55',	NULL);

DROP TABLE IF EXISTS `ref_religion`;
CREATE TABLE `ref_religion` (
  `id` int(11) NOT NULL AUTO_INCREMENT,
  `name` varchar(255) NOT NULL,
  `status` tinyint(1) NOT NULL DEFAULT '1',
  `created_at` datetime DEFAULT NULL,
  `created_by` int(11) DEFAULT NULL,
  `updated_at` datetime DEFAULT NULL,
  `updated_by` int(11) DEFAULT NULL,
  PRIMARY KEY (`id`),
  UNIQUE KEY `name_UNIQUE` (`name`)
) ENGINE=InnoDB DEFAULT CHARSET=latin1;

INSERT INTO `ref_religion` (`id`, `name`, `status`, `created_at`, `created_by`, `updated_at`, `updated_by`) VALUES
(1,	'Islam',	1,	'2014-04-18 13:31:10',	1,	'2016-04-19 23:26:55',	1),
(2,	'Kristen Katolik',	1,	'2014-04-18 13:31:10',	1,	NULL,	NULL),
(3,	'Kristen Protestan',	1,	'2014-04-18 13:31:10',	1,	NULL,	NULL),
(4,	'Hindu',	1,	'2014-04-18 13:31:10',	1,	NULL,	NULL),
(5,	'Budha',	1,	'2014-04-18 13:31:10',	1,	NULL,	NULL),
(6,	'Konghucu',	1,	'2014-04-18 13:31:10',	1,	'2016-04-24 02:53:05',	1);

DROP TABLE IF EXISTS `ref_shift`;
CREATE TABLE `ref_shift` (
  `id` int(11) NOT NULL AUTO_INCREMENT,
  `title` varchar(20) NOT NULL,
  `clock_in` time NOT NULL,
  `clock_out` time NOT NULL,
  `note` varchar(50) DEFAULT NULL,
  `created_at` datetime DEFAULT NULL,
  `created_by` int(11) DEFAULT NULL,
  `updated_at` datetime DEFAULT NULL,
  `updated_by` int(11) DEFAULT NULL,
  PRIMARY KEY (`id`)
) ENGINE=InnoDB DEFAULT CHARSET=latin1;

INSERT INTO `ref_shift` (`id`, `title`, `clock_in`, `clock_out`, `note`, `created_at`, `created_by`, `updated_at`, `updated_by`) VALUES
(1,	'Non Shift',	'08:00:00',	'17:00:00',	'Karyawan yang tidak Shift',	'2016-04-24 03:00:53',	1,	'2016-04-26 00:21:29',	1),
(2,	'Shift 1',	'07:00:00',	'15:00:00',	'Shift Pagi',	'2016-04-26 00:11:44',	1,	'2016-04-26 00:22:01',	1),
(3,	'Shift 2',	'13:00:00',	'21:00:00',	'Shift Siang',	'2016-04-26 00:24:05',	1,	NULL,	NULL),
(4,	'Shift 3',	'15:00:00',	'06:00:00',	'Shift Sore',	'2016-04-26 00:25:07',	1,	NULL,	NULL),
(5,	'Off (Libur)',	'00:00:00',	'00:00:00',	'Libur bagi yang shift',	'2016-04-26 00:26:02',	1,	NULL,	NULL);

DROP TABLE IF EXISTS `training`;
CREATE TABLE `training` (
  `id` int(11) NOT NULL AUTO_INCREMENT,
  `employee_id` int(11) NOT NULL,
  `nip` varchar(20) NOT NULL,
  `name` varchar(255) NOT NULL,
  `start` date DEFAULT NULL,
  `finish` date DEFAULT NULL,
  `note` text,
  `status` tinyint(1) NOT NULL DEFAULT '1',
  `created_at` datetime DEFAULT NULL,
  `created_by` int(11) DEFAULT NULL,
  `updated_at` datetime DEFAULT NULL,
  `updated_by` int(11) DEFAULT NULL,
  PRIMARY KEY (`id`),
  KEY `employee_id` (`employee_id`)
) ENGINE=InnoDB DEFAULT CHARSET=latin1;


DROP TABLE IF EXISTS `user`;
CREATE TABLE `user` (
  `id` int(11) NOT NULL AUTO_INCREMENT,
  `username` varchar(20) NOT NULL,
  `password` varchar(50) NOT NULL,
  `role` int(2) NOT NULL,
  `name` varchar(50) DEFAULT NULL,
  `last_login` datetime DEFAULT NULL,
  `key` varchar(50) DEFAULT NULL,
  `created_at` datetime DEFAULT NULL,
  `created_by` varchar(20) DEFAULT NULL,
  `updated_at` datetime DEFAULT NULL,
  `updated_by` varchar(20) DEFAULT NULL,
  PRIMARY KEY (`id`)
) ENGINE=InnoDB DEFAULT CHARSET=latin1;

INSERT INTO `user` (`id`, `username`, `password`, `role`, `name`, `last_login`, `key`, `created_at`, `created_by`, `updated_at`, `updated_by`) VALUES
(1,	'admin',	'21232f297a57a5a743894a0e4a801fc3',	0,	'Super Admin',	'2016-04-28 01:25:14',	NULL,	'2015-12-22 23:06:00',	'1',	'2016-04-28 01:25:14',	NULL),
(2,	'rossi@contoh.co',	'65978e2f970ff0850f72093dbeb3b147',	1,	'Valentino Rossi',	NULL,	'w5XjtH',	'2016-04-25 22:53:00',	'1',	NULL,	NULL),
(3,	'zuma@gmail.com',	'60c271fb2ca65892efe5128316c1ba4b',	1,	'zumhur alamin',	'2016-04-28 01:05:53',	'XHEVbk',	'2016-04-27 23:29:04',	'1',	'2016-04-28 01:05:53',	NULL),
(4,	'alan@tes.co',	'39c2bf54402ead1f158220e6911626cb',	1,	'alan sherar',	'2016-04-28 00:51:24',	'397rdb',	'2016-04-27 23:45:39',	'1',	'2016-04-28 00:51:24',	NULL);

-- 2016-04-27 19:03:59
